insert into clients(id, name, address, city, phone) values(1, 'juan gonzales', 'cra 3 #12-54', 'ibague', '2604634');
insert into clients(id, name, address, city, phone) values(2, 'maria arbelaez', 'cra 45 #32-78', 'medellin', '6764542');
insert into clients(id, name, address, city, phone) values(3, 'julian andrade', 'cra 80 #56-78', 'bucaramanga', '5432780');
insert into clients(id, name, address, city, phone) values(4, 'alfredo blanco', 'cra 155 #56-45', 'pereira', '2347689');
insert into clients(id, name, address, city, phone) values(5, 'jhon smith', 'calle 7 #66-74', 'cali', '4567123');
insert into clients(id, name, address, city, phone) values(6, 'alejandra garcia', 'calle 67 #89-90', 'manizales', '6754212');
insert into clients(id, name, address, city, phone) values(7, 'sara rondon', 'av simon bolivar #3-34', 'cucuta', '45347809');

insert into cards(id, ccv, type, client) values('0000111122223333', 100, 'credit', 1);
insert into cards(id, ccv, type, client) values('1111222233334444', 455, 'credit', 2);
insert into cards(id, ccv, type, client) values('9999888877776666', 542, 'debit', 3);
insert into cards(id, ccv, type, client) values('7777666655554444', 324, 'debit', 4);
insert into cards(id, ccv, type, client) values('5555444400001111', 657, 'credit', 5);
insert into cards(id, ccv, type, client) values('1100456798349043', 678, 'debit', 6);
insert into cards(id, ccv, type, client) values('5467321376564234', 327, 'credit', 7);
insert into cards(id, ccv, type, client) values('5467123554634121', 3122, 'credit', 1);
insert into cards(id, ccv, type, client) values('5123125234523412', 022, 'credit', 3);
insert into cards(id, ccv, type, client) values('5467323242343212', 1365, 'credit', 5);
insert into cards(id, ccv, type, client) values('5764532217689723', 1237, 'credit', 6);
insert into cards(id, ccv, type, client) values('4567435265898972', 652, 'credit', 2);
insert into cards(id, ccv, type, client) values('4782341245387983', 6412, 'credit', 1);

insert into advisers(id, name, speciality) values(1, 'jaime perez', 'credit');
insert into advisers(id, name, speciality) values(2, 'pablo garcia', 'debit');
insert into advisers(id, name, speciality) values(3, 'alberto gomez', 'companies');
insert into advisers(id, name, speciality) values(4, 'ana andrade', 'pymes');
insert into advisers(id, name, speciality) values(5, 'paula caceres', 'pymes');



insert into shopping_history(id, date, price, description,card) values(1, '2018-11-08 16:05:06', 12500, 'cafe', '0000111122223333');
insert into shopping_history(id, date, price, description,card) values(2, '2019-01-02 16:05:06', 2500, 'netflix', '1111222233334444');
insert into shopping_history(id, date, price, description,card) values(3, '2013-10-01 16:05:06', 219102, 'membresia gimnasio', '9999888877776666');
insert into shopping_history(id, date, price, description,card) values(4, '2014-09-08 16:05:06', 144221, 'compra chaqueta', '0000111122223333');
insert into shopping_history(id, date, price, description,card) values(5, '2016-06-08 16:05:06', 6000300, 'membresia spotify', '7777666655554444');
insert into shopping_history(id, date, price, description,card) values(6, '2017-04-08 16:05:06', 1133325, 'adelanto', '5555444400001111');
insert into shopping_history(id, date, price, description,card) values(7, '2017-07-08 16:05:06', 7542311, 'compra establecimiento comercial', '1100456798349043');
insert into shopping_history(id, date, price, description,card) values(8, '2018-01-08 16:05:06', 200000, 'compra restaurante', '5467321376564234');
insert into shopping_history(id, date, price, description,card) values(9, '2019-02-08 16:05:06', 875000, 'compra computador', '0000111122223333');
insert into shopping_history(id, date, price, description,card) values(10, '2017-03-08 16:05:06', 3500, 'retiro en efectivo', '9999888877776666');
insert into shopping_history(id, date, price, description,card) values(11, '2018-05-08 16:05:06', 49999, 'cafe', '0000111122223333');
insert into shopping_history(id, date, price, description,card) values(12, '2019-02-08 16:05:06', 89000, 'compra cuaderno', '5555444400001111');
insert into shopping_history(id, date, price, description,card) values(13, '2018-09-08 16:05:06', 110000, 'pago recibo electricidad', '0000111122223333');
insert into shopping_history(id, date, price, description,card) values(14, '2018-08-08 16:05:06', 250000, 'pago membresia gimnasio', '0000111122223333');
insert into shopping_history(id, date, price, description,card) values(15, '2018-12-08 16:05:06', 340000, 'compra internet', '1111222233334444');
insert into shopping_history(id, date, price, description,card) values(16, '2018-10-08 16:05:06', 12000, 'compra camara', '5467321376564234');
insert into shopping_history(id, date, price, description,card) values(17, '2017-07-08 16:05:06', 33000, 'pago recibo agua', '9999888877776666');
insert into shopping_history(id, date, price, description,card) values(18, '2015-06-08 16:05:06', 50000, 'zapatos', '9999888877776666');
insert into shopping_history(id, date, price, description,card) values(19, '2018-09-08 16:05:06', 81818, 'compra celular', '5555444400001111');
insert into shopping_history(id, date, price, description,card) values(20, '2016-02-08 16:05:06', 78000, 'cafe', '0000111122223333');
insert into shopping_history(id, date, price, description,card) values(21, '2018-01-08 16:05:06', 645110, 'pago recibo telefonia', '5467321376564234');

